,Destination,Source
0,['100 Women (BBC)',Donna Strickland
1, '2018 Nobel Peace Prize',Donna Strickland
2, 'Aage Bohr',Donna Strickland
3, 'Abdus Salam',Donna Strickland
4, 'Adam Riess',Donna Strickland
5, 'Albert A. Michelson',Donna Strickland
6, 'Albert Einstein',Donna Strickland
7, 'Albert Fert',Donna Strickland
8, 'Alexander Prokhorov',Donna Strickland
9, 'Alexei Alexeyevich Abrikosov',Donna Strickland
10, 'Alfred Kastler',Donna Strickland
11, 'Alfred P. Sloan Foundation',Donna Strickland
12, 'Alfred P. Sloan Research Fellowship',Donna Strickland
13, 'Andre Geim',Donna Strickland
14, 'Anthony James Leggett',Donna Strickland
15, 'Antony Hewish',Donna Strickland
16, 'Arno Allan Penzias',Donna Strickland
17, 'Arthur Ashkin',Donna Strickland
18, 'Arthur B. McDonald',Donna Strickland
19, 'Arthur Compton',Donna Strickland
20, 'Arthur Leonard Schawlow',Donna Strickland
21, 'Assistant professor',Donna Strickland
22, 'Astrophysics',Donna Strickland
23, 'BBC News',Donna Strickland
24, 'Bachelor of Engineering',Donna Strickland
25, 'Barry Barish',Donna Strickland
26, 'Ben Roy Mottelson',Donna Strickland
27, 'Bertram Brockhouse',Donna Strickland
28, 'Brian Josephson',Donna Strickland
29, 'Brian Schmidt',Donna Strickland
30, 'Burton Richter',Donna Strickland
31, 'C. F. Powell',Donna Strickland
32, 'C. V. Raman',Donna Strickland
33, 'Canadian Association of Physicists',Donna Strickland
34, 'Carl David Anderson',Donna Strickland
35, 'Carl Wieman',Donna Strickland
36, 'Carlo Rubbia',Donna Strickland
37, 'Charles Glover Barkla',Donna Strickland
38, 'Charles H. Townes',Donna Strickland
39, 'Charles K. Kao',Donna Strickland
40, 'Charles Thomson Rees Wilson',Donna Strickland
41, 'Charles Édouard Guillaume',Donna Strickland
42, 'Chirped pulse amplification',Donna Strickland
43, 'CiteSeerX',Donna Strickland
44, 'Claude Cohen-Tannoudji',Donna Strickland
45, 'Clifford Shull',Donna Strickland
46, 'Clinton Davisson',Donna Strickland
47, 'Daniel C. Tsui',Donna Strickland
48, 'David Gross',Donna Strickland
49, 'David J. Thouless',Donna Strickland
50, 'David J. Wineland',Donna Strickland
51, 'David Lee (physicist)',Donna Strickland
52, 'Denis Mukwege',Donna Strickland
53, 'Dennis Gabor',Donna Strickland
54, 'Didier Queloz',Donna Strickland
55, 'Digital object identifier',Donna Strickland
56, 'Doctor of Philosophy',Donna Strickland
57, 'Doctoral advisor',Donna Strickland
58, 'Donald A. Glaser',Donna Strickland
59, 'Douglas Osheroff',Donna Strickland
60, 'Duncan Haldane',Donna Strickland
61, 'Edward Mills Purcell',Donna Strickland
62, 'Edward Victor Appleton',Donna Strickland
63, 'Electro-optics',Donna Strickland
64, 'Emilio Segrè',Donna Strickland
65, 'Engineering physics',Donna Strickland
66, 'Enrico Fermi',Donna Strickland
67, 'Eric Allin Cornell',Donna Strickland
68, 'Ernest Lawrence',Donna Strickland
69, 'Ernest Walton',Donna Strickland
70, 'Ernst Ruska',Donna Strickland
71, 'Erwin Schrödinger',Donna Strickland
72, 'Eugene Wigner',Donna Strickland
73, 'Felix Bloch',Donna Strickland
74, 'Fortune (magazine)',Donna Strickland
75, 'Frances Arnold',Donna Strickland
76, 'Frank Wilczek',Donna Strickland
77, 'Frankfurter Allgemeine Zeitung',Donna Strickland
78, 'François Englert',Donna Strickland
79, 'Frederick Reines',Donna Strickland
80, 'Frits Zernike',Donna Strickland
81, 'Fundamental science',Donna Strickland
82, 'Gabriel Lippmann',Donna Strickland
83, 'Georg Bednorz',Donna Strickland
84, 'George E. Smith',Donna Strickland
85, 'George Paget Thomson',Donna Strickland
86, 'George Smith (chemist)',Donna Strickland
87, 'George Smoot',Donna Strickland
88, 'Georges Charpak',Donna Strickland
89," ""Gerard 't Hooft""",Donna Strickland
90, 'Gerd Binnig',Donna Strickland
91, 'Given name',Donna Strickland
92, 'Google Scholar',Donna Strickland
93, 'Gregory Winter',Donna Strickland
94, 'Guelph',Donna Strickland
95, 'Guglielmo Marconi',Donna Strickland
96, 'Gustaf Dalén',Donna Strickland
97, 'Gustav Ludwig Hertz',Donna Strickland
98, 'Gérard Mourou',Donna Strickland
99, 'Hannes Alfvén',Donna Strickland
100, 'Hans Bethe',Donna Strickland
101, 'Hans Georg Dehmelt',Donna Strickland
102, 'Heike Kamerlingh Onnes',Donna Strickland
103, 'Heinrich Rohrer',Donna Strickland
104, 'Hendrik Lorentz',Donna Strickland
105, 'Henri Becquerel',Donna Strickland
106, 'Henry Way Kendall',Donna Strickland
107, 'Herbert Kroemer',Donna Strickland
108, 'Hideki Yukawa',Donna Strickland
109, 'Hiroshi Amano',Donna Strickland
110, 'Horst Ludwig Störmer',Donna Strickland
111, 'Hugh David Politzer',Donna Strickland
112, 'Humber College',Donna Strickland
113, 'IEEE Journal of Quantum Electronics',Donna Strickland
114, 'Igor Tamm',Donna Strickland
115, 'Ilya Frank',Donna Strickland
116, 'Integrated Authority File',Donna Strickland
117, 'International Standard Book Number',Donna Strickland
118, 'International Standard Name Identifier',Donna Strickland
119, 'International Standard Serial Number',Donna Strickland
120, 'Isamu Akasaki',Donna Strickland
121, 'Isidor Isaac Rabi',Donna Strickland
122, 'Ivar Giaever',Donna Strickland
123, 'J. Hans D. Jensen',Donna Strickland
124, 'J. J. Thomson',Donna Strickland
125, 'J. Michael Kosterlitz',Donna Strickland
126, 'Jack Kilby',Donna Strickland
127, 'Jack Steinberger',Donna Strickland
128, 'James Chadwick',Donna Strickland
129, 'James Cronin',Donna Strickland
130, 'James Franck',Donna Strickland
131, 'James P. Allison',Donna Strickland
132, 'James Rainwater',Donna Strickland
133, 'Jean Baptiste Perrin',Donna Strickland
134, 'Jerome Isaac Friedman',Donna Strickland
135, 'Jim Peebles',Donna Strickland
136, 'Johannes Diderik van der Waals',Donna Strickland
137, 'Johannes Stark',Donna Strickland
138, 'John Bardeen',Donna Strickland
139, 'John C. Mather',Donna Strickland
140, 'John Cockcroft',Donna Strickland
141, 'John Hasbrouck Van Vleck',Donna Strickland
142, 'John L. Hall',Donna Strickland
143, 'John Robert Schrieffer',Donna Strickland
144, 'John William Strutt,Donna Strickland
145, 3rd Baron Rayleigh',Donna Strickland
146, 'Joseph Hooton Taylor Jr.',Donna Strickland
147, 'Journal of the Optical Society of America B',Donna Strickland
148, 'Julian Schwinger',Donna Strickland
149, 'K. Alex Müller',Donna Strickland
150, 'Kai Siegbahn',Donna Strickland
151, 'Karl Ferdinand Braun',Donna Strickland
152, 'Kenneth G. Wilson',Donna Strickland
153, 'Kip Thorne',Donna Strickland
154, 'Klaus von Klitzing',Donna Strickland
155, 'Konstantin Novoselov',Donna Strickland
156, 'Laboratory for Laser Energetics',Donna Strickland
157, 'Laser eye surgery',Donna Strickland
158, 'Laser machining',Donna Strickland
159, 'Laser science',Donna Strickland
160, 'Laser surgery',Donna Strickland
161, 'Lasers',Donna Strickland
162, 'Lawrence Bragg',Donna Strickland
163, 'Lawrence Livermore National Laboratory',Donna Strickland
164, 'Leo Esaki',Donna Strickland
165, 'Leon Cooper',Donna Strickland
166, 'Leon M. Lederman',Donna Strickland
167, 'Lev Landau',Donna Strickland
168, 'List of Nobel laureates',Donna Strickland
169, 'List of Nobel laureates by country',Donna Strickland
170, 'List of Nobel laureates in Physics',Donna Strickland
171, 'List of female Nobel laureates',Donna Strickland
172, 'Louis Néel',Donna Strickland
173, 'Louis de Broglie',Donna Strickland
174, 'Luis Walter Alvarez',Donna Strickland
175, 'Makoto Kobayashi (physicist)',Donna Strickland
176, 'Manne Siegbahn',Donna Strickland
177, 'Maria Goeppert Mayer',Donna Strickland
178, 'Marie Curie',Donna Strickland
179, 'Martin Lewis Perl',Donna Strickland
180, 'Martin Ryle',Donna Strickland
181, 'Martinus J. G. Veltman',Donna Strickland
182, 'Masatoshi Koshiba',Donna Strickland
183, 'Master of Science',Donna Strickland
184, 'Max Born',Donna Strickland
185, 'Max Planck',Donna Strickland
186, 'Max von Laue',Donna Strickland
187, 'McMaster University',Donna Strickland
188, 'Melvin Schwartz',Donna Strickland
189, 'Michel Mayor',Donna Strickland
190, 'Mid-infrared',Donna Strickland
191, 'Murray Gell-Mann',Donna Strickland
192, 'Nadia Murad',Donna Strickland
193, 'National Research Council of Canada',Donna Strickland
194, 'Nevill Francis Mott',Donna Strickland
195, 'Nicolaas Bloembergen',Donna Strickland
196, 'Niels Bohr',Donna Strickland
197, 'Nikolay Basov',Donna Strickland
198, 'Nobel Foundation',Donna Strickland
199, 'Nobel Memorial Prize in Economic Sciences',Donna Strickland
200, 'Nobel Peace Prize',Donna Strickland
201, 'Nobel Prize',Donna Strickland
202, 'Nobel Prize in Chemistry',Donna Strickland
203, 'Nobel Prize in Literature',Donna Strickland
204, 'Nobel Prize in Physics',Donna Strickland
205, 'Nobel Prize in Physiology or Medicine',Donna Strickland
206, 'Nonlinear optics',Donna Strickland
207, 'Norman Foster Ramsey Jr.',Donna Strickland
208, 'ORCID',Donna Strickland
209, 'OSA Fellow',Donna Strickland
210, 'Olga Tokarczuk',Donna Strickland
211, 'Ontario',Donna Strickland
212, 'Optical Physics',Donna Strickland
213, 'Optical table',Donna Strickland
214, 'Optical tweezers',Donna Strickland
215, 'Optics',Donna Strickland
216, 'Optics Communications',Donna Strickland
217, 'Optics Letters',Donna Strickland
218, 'Ottawa Citizen',Donna Strickland
219, 'Otto Stern',Donna Strickland
220, 'Owen Chamberlain',Donna Strickland
221, 'Owen Willans Richardson',Donna Strickland
222, 'Patrick Blackett',Donna Strickland
223, 'Paul Corkum',Donna Strickland
224, 'Paul Dirac',Donna Strickland
225, 'Paul Romer',Donna Strickland
226, 'Pavel Cherenkov',Donna Strickland
227, 'Percy Williams Bridgman',Donna Strickland
228, 'Petawatt',Donna Strickland
229, 'Peter Grünberg',Donna Strickland
230, 'Peter Higgs',Donna Strickland
231, 'Philip Warren Anderson',Donna Strickland
232, 'Philipp Lenard',Donna Strickland
233, 'Physics',Donna Strickland
234, 'Pierre Curie',Donna Strickland
235, 'Pierre-Gilles de Gennes',Donna Strickland
236, 'Pieter Zeeman',Donna Strickland
237, 'Polykarp Kusch',Donna Strickland
238, 'Presbyopia',Donna Strickland
239, 'Princeton University',Donna Strickland
240, 'Professor',Donna Strickland
241, 'Pulsed lasers',Donna Strickland
242, 'Pyotr Kapitsa',Donna Strickland
243, 'Rainer Weiss',Donna Strickland
244, 'Raman scattering',Donna Strickland
245, 'Raymond Davis Jr.',Donna Strickland
246, 'Research Corporation',Donna Strickland
247, 'Research Corporation for Science Advancement',Donna Strickland
248, 'Riccardo Giacconi',Donna Strickland
249, 'Richard E. Taylor',Donna Strickland
250, 'Richard Feynman',Donna Strickland
251, 'Robert Andrews Millikan',Donna Strickland
252, 'Robert B. Laughlin',Donna Strickland
253, 'Robert Coleman Richardson',Donna Strickland
254, 'Robert Hofstadter',Donna Strickland
255, 'Robert Woodrow Wilson',Donna Strickland
256, 'Roy J. Glauber',Donna Strickland
257, 'Rudolf Mössbauer',Donna Strickland
258, 'Russell Alan Hulse',Donna Strickland
259, 'Samuel C. C. Ting',Donna Strickland
260, 'Saul Perlmutter',Donna Strickland
261, 'Scientific American',Donna Strickland
262, 'Self-focusing',Donna Strickland
263, 'Semantic Scholar',Donna Strickland
264, 'Serge Haroche',Donna Strickland
265, 'Sheldon Lee Glashow',Donna Strickland
266," ""Shin'ichirō Tomonaga""",Donna Strickland
267, 'Shuji Nakamura',Donna Strickland
268, 'Simon van der Meer',Donna Strickland
269, 'Sloan Research Fellowship',Donna Strickland
270, 'Steven Chu',Donna Strickland
271, 'Steven Weinberg',Donna Strickland
272, 'Subrahmanyan Chandrasekhar',Donna Strickland
273, 'Takaaki Kajita',Donna Strickland
274, 'Tasuku Honjo',Donna Strickland
275, 'Terawatt',Donna Strickland
276, 'The Chronicle of Higher Education',Donna Strickland
277, 'The Globe and Mail',Donna Strickland
278, 'The Guardian',Donna Strickland
279, 'The Institute of Optics',Donna Strickland
280, 'The Optical Society',Donna Strickland
281, 'Theodor W. Hänsch',Donna Strickland
282, 'Thesis',Donna Strickland
283, 'Timeline of women in science',Donna Strickland
284, 'Toshihide Maskawa',Donna Strickland
285, 'Tsung-Dao Lee',Donna Strickland
286, 'Ultrafast laser',Donna Strickland
287, 'Ultrafast optics',Donna Strickland
288, 'Ultraviolet',Donna Strickland
289, 'United Church of Canada',Donna Strickland
290, 'University of Rochester',Donna Strickland
291, 'University of Toronto',Donna Strickland
292, 'University of Waterloo',Donna Strickland
293, 'Val Logsdon Fitch',Donna Strickland
294, 'Victor Francis Hess',Donna Strickland
295, 'Virtual International Authority File',Donna Strickland
296, 'Vitaly Ginzburg',Donna Strickland
297, 'Walter Houser Brattain',Donna Strickland
298, 'Walther Bothe',Donna Strickland
299, 'Waterloo Region Record',Donna Strickland
300, 'Wavelength',Donna Strickland
301, 'Werner Heisenberg',Donna Strickland
302, 'Wilhelm Röntgen',Donna Strickland
303, 'Wilhelm Wien',Donna Strickland
304, 'Willard Boyle',Donna Strickland
305, 'William Alfred Fowler',Donna Strickland
306, 'William Daniel Phillips',Donna Strickland
307, 'William Henry Bragg',Donna Strickland
308, 'William Nordhaus',Donna Strickland
309, 'William Shockley',Donna Strickland
310, 'Willis Lamb',Donna Strickland
311, 'Wolfgang Ketterle',Donna Strickland
312, 'Wolfgang Paul',Donna Strickland
313, 'Wolfgang Pauli',Donna Strickland
314, 'WorldCat Identities',Donna Strickland
315, 'Yang Chen-Ning',Donna Strickland
316, 'Yoichiro Nambu',Donna Strickland
317, 'Zhores Alferov'],Donna Strickland
0,['Amos Dean',Nathan Ransom Leonard
1, 'Amos Noyes Currier',Nathan Ransom Leonard
2, 'Bruce Harreld',Nathan Ransom Leonard
3, 'Charles Ashmead Schaeffer',Nathan Ransom Leonard
4, 'Chester Arthur Phillips',Nathan Ransom Leonard
5, 'Christian W. Slagle',Nathan Ransom Leonard
6, 'David J. Skorton',Nathan Ransom Leonard
7, 'Duane C. Spriestersbach',Nathan Ransom Leonard
8, 'Eugene Allen Gilmore',Nathan Ransom Leonard
9, 'Gary Fethke',Nathan Ransom Leonard
10, 'George Edwin MacLean',Nathan Ransom Leonard
11, 'George Thacher',Nathan Ransom Leonard
12, 'Howard Bowen',Nathan Ransom Leonard
13, 'Hunter R. Rawlings III',Nathan Ransom Leonard
14, 'James Black (educator)',Nathan Ransom Leonard
15, 'James O. Freedman',Nathan Ransom Leonard
16, 'Jean Robillard',Nathan Ransom Leonard
17, 'John Gabbert Bowman',Nathan Ransom Leonard
18, 'Josiah Little Pickard',Nathan Ransom Leonard
19, 'List of University of Iowa people',Nathan Ransom Leonard
20, 'Mary Sue Coleman',Nathan Ransom Leonard
21, 'Oliver M. Spencer',Nathan Ransom Leonard
22, 'Peter E. Nathan',Nathan Ransom Leonard
23, 'Richard D. Remington',Nathan Ransom Leonard
24, 'Sally Mason',Nathan Ransom Leonard
25, 'Silas Totten',Nathan Ransom Leonard
26, 'Thomas Huston Macbride',Nathan Ransom Leonard
27, 'University of Iowa',Nathan Ransom Leonard
28, 'Virgil Melvin Hancher',Nathan Ransom Leonard
29, 'Walter Albert Jessup',Nathan Ransom Leonard
30, 'Willard L. Boyd'],Nathan Ransom Leonard
0,['2000 United States presidential election',Bill Murray
1, '2003 in film',Bill Murray
2," ""2004–05 Illinois Fighting Illini men's basketball team""",Bill Murray
3, '2005 Final Four',Bill Murray
4, '2010 Toronto International Film Festival',Bill Murray
5, '2016 World Series',Bill Murray
6, '68th Berlin International Film Festival',Bill Murray
7, '70th Golden Globe Awards',Bill Murray
8, 'A Glimpse Inside the Mind of Charles Swan III',Bill Murray
9, 'A Very Murray Christmas',Bill Murray
10, 'Abraham Attah',Bill Murray
11, 'Academy Award for Best Actor',Bill Murray
12, 'Academy Awards',Bill Murray
13, 'Adam Driver',Bill Murray
14, 'Adolph Caesar',Bill Murray
15, 'Adrian Dominican Sisters',Bill Murray
16, 'Adrien Brody',Bill Murray
17, 'Affordable housing',Bill Murray
18, 'Al Franken',Bill Murray
19, 'Al Pacino',Bill Murray
20, 'Alan Alda',Bill Murray
21, 'Alan Arkin',Bill Murray
22, 'Alan Zweibel',Bill Murray
23, 'Albert Brooks',Bill Murray
24, 'Albert Finney',Bill Murray
25, 'Albert and David Maysles',Bill Murray
26, 'Alberto Sordi',Bill Murray
27, 'Alec Guinness',Bill Murray
28, 'Alexander Skarsgård',Bill Murray
29, 'All You Need Is Cash',Bill Murray
30, 'AllMovie',Bill Murray
31, 'Aloha (2015 film)',Bill Murray
32, 'Alpha House',Bill Murray
33, 'American Broadcasting Company',Bill Murray
34, 'American Comedy Awards',Bill Murray
35, 'American Professional Soccer League',Bill Murray
36, 'Ancestry.com',Bill Murray
37, 'Andrew Garfield',Bill Murray
38, 'Angie Tribeca',Bill Murray
39, 'Anjelica Huston',Bill Murray
40, 'Ann Elder',Bill Murray
41, 'Anne Beatts',Bill Murray
42, 'Anne Howard Bailey',Bill Murray
43, 'Anthony Hopkins',Bill Murray
44, 'Anthony Quayle',Bill Murray
45, 'Apocalyptic and post-apocalyptic fiction',Bill Murray
46, 'Aramis Ramírez',Bill Murray
47, 'Arizona Wildcats',Bill Murray
48, 'Armin Mueller-Stahl',Bill Murray
49, 'Arnie Kogen',Bill Murray
50, 'Art Carney',Bill Murray
51, 'Arthur Kennedy',Bill Murray
52, 'Associated Press',Bill Murray
53, 'B.C. Rock',Bill Murray
54, 'BAFTA Award',Bill Murray
55, 'BAFTA Award for Best Actor',Bill Murray
56, 'BAFTA Award for Best Actor in a Leading Role',Bill Murray
57, 'Baloo',Bill Murray
58, 'Barry Fitzgerald',Bill Murray
59, 'Barry Levinson',Bill Murray
60, 'Baseball Reliquary',Bill Murray
61, 'Beau Bridges',Bill Murray
62, 'Ben Foster',Bill Murray
63, 'Ben Gazzara',Bill Murray
64, 'Ben Johnson (actor)',Bill Murray
65, 'Ben Kingsley',Bill Murray
66, 'Ben Stiller',Bill Murray
67, 'Ben Whishaw',Bill Murray
68, 'Benicio del Toro',Bill Murray
69, 'Bernie Mac',Bill Murray
70, 'Bertolt Brecht',Bill Murray
71, 'Biblioteca Nacional de España',Bill Murray
72, 'Bibliothèque nationale de France',Bill Murray
73, 'Bibsys',Bill Murray
74, 'Bill Cosby',Bill Murray
75," ""Bill Murray & Brian Doyle-Murray's Extra Innings""",Bill Murray
76, 'Bill Murray (disambiguation)',Bill Murray
77, 'Bill Nighy',Bill Murray
78, 'Bill Richmond (writer)',Bill Murray
79, 'Billy Bob Thornton',Bill Murray
80, 'Billy Crystal',Bill Murray
81, 'Blockbuster Entertainment Award',Bill Murray
82, 'Bob Ellison',Bill Murray
83, 'Bob Hope',Bill Murray
84, 'Bob Hoskins',Bill Murray
85, 'Bob Kerrey',Bill Murray
86, 'Bob Newhart',Bill Murray
87, 'Bob Schiller',Bill Murray
88, 'Bob Weiskopf',Bill Murray
89, 'Bonnie Hunt',Bill Murray
90, 'Boston Globe',Bill Murray
91, 'Boston Society of Film Critics Award for Best Actor',Bill Murray
92, 'Boston Society of Film Critics Award for Best Cast',Bill Murray
93, 'Brad Pitt',Bill Murray
94, 'Bradley Cooper',Bill Murray
95, 'Brendan Gleeson',Bill Murray
96, 'Brian Cox (actor)',Bill Murray
97, 'Brian Doyle-Murray',Bill Murray
98, 'Broadcast Film Critics Association Award for Best Actor',Bill Murray
99, 'Broadcast Film Critics Association Award for Best Cast',Bill Murray
100, 'Brockton Rox',Bill Murray
101, 'Broderick Crawford',Bill Murray
102, 'Broken Flowers',Bill Murray
103, 'Bruce Davison',Bill Murray
104, 'Bruce Dern',Bill Murray
105, 'Bruce Greenwood',Bill Murray
106, 'Bruce Willis',Bill Murray
107, 'Bryan Cranston',Bill Murray
108, 'Bunny Breckinridge',Bill Murray
109, 'Burgess Meredith',Bill Murray
110, 'Burt Lancaster',Bill Murray
111, 'Burt Reynolds',Bill Murray
112, 'Buz Kohan',Bill Murray
113, 'Caddyshack',Bill Murray
114, 'Cameo appearance',Bill Murray
115, 'Cannabis (drug)',Bill Murray
116, 'Cantinflas',Bill Murray
117, 'Carl Reiner',Bill Murray
118, 'Carol Burnett',Bill Murray
119, 'Casey Affleck',Bill Murray
120, 'Catherine of Siena',Bill Murray
121, 'Catholic Church',Bill Murray
122, 'Catskill Cougars',Bill Murray
123, 'Chaim Topol',Bill Murray
124, 'Charles Boyer',Bill Murray
125, 'Charles Grodin',Bill Murray
126, 'Charles Laughton',Bill Murray
127, 'Charles Rocket',Bill Murray
128, 'Charleston RiverDogs',Bill Murray
129, 'Charleston,Bill Murray
130, South Carolina',Bill Murray
131, 'Charlie Chaplin',Bill Murray
132, 'Charlie and the Chocolate Factory (film)',Bill Murray
133," ""Charlie's Angels (2000 film)""",Bill Murray
134," ""Charlie's Angels: Full Throttle""",Bill Murray
135, 'Chazz Palminteri',Bill Murray
136, 'Chevy Chase',Bill Murray
137, 'Chicago Air & Water Show',Bill Murray
138, 'Chicago Bears',Bill Murray
139, 'Chicago Bulls',Bill Murray
140, 'Chicago Cubs',Bill Murray
141, 'Chicago Film Critics Association Award for Best Actor',Bill Murray
142, 'Chicago Film Critics Association Award for Best Supporting Actor',Bill Murray
143, 'Chicago Sun-Times',Bill Murray
144, 'Chicago Tribune',Bill Murray
145, 'Chief Dan George',Bill Murray
146, 'Chiwetel Ejiofor',Bill Murray
147, 'Chris Cooper',Bill Murray
148, 'Chris Pratt',Bill Murray
149, 'Christian Bale',Bill Murray
150, 'Christoph Waltz',Bill Murray
151, 'Christopher Guest',Bill Murray
152, 'Christopher Lloyd',Bill Murray
153, 'Christopher Plummer',Bill Murray
154, 'Christopher Walken',Bill Murray
155, 'Cinema of the United States',Bill Murray
156, 'Cinémathèque Française',Bill Murray
157, 'City of Ember',Bill Murray
158, 'Clint Eastwood',Bill Murray
159, 'Clive Owen',Bill Murray
160, 'Coen Brothers',Bill Murray
161, 'Coffee and Cigarettes',Bill Murray
162, 'Colin Farrell',Bill Murray
163, 'Colin Firth',Bill Murray
164, 'Color commentator',Bill Murray
165, 'Columbia Pictures',Bill Murray
166, 'Contactmusic.com',Bill Murray
167, 'County Cork',Bill Murray
168, 'County Galway',Bill Murray
169, 'Cradle Will Rock',Bill Murray
170," ""Critics' Choice Movie Award for Best Actor in a Comedy""",Bill Murray
171," ""Critics' Choice Television Award for Best Supporting Actor in a Movie/Miniseries""",Bill Murray
172, 'Crossroads Guitar Festival',Bill Murray
173, 'Crowne Plaza',Bill Murray
174, 'Cuba Gooding Jr.',Bill Murray
175, 'Curlie',Bill Murray
176, 'Cy Coleman',Bill Murray
177, 'Cynicism (contemporary)',Bill Murray
178, 'Dabney Coleman',Bill Murray
179, 'Dallas-Fort Worth Film Critics Association Awards 2010',Bill Murray
180, 'Dallas–Fort Worth Film Critics Association Award for Best Actor',Bill Murray
181, 'Dan Aykroyd',Bill Murray
182, 'Daniel Day-Lewis',Bill Murray
183, 'Daniel Kaluuya',Bill Murray
184, 'Danny Aiello',Bill Murray
185, 'Danny Glover',Bill Murray
186, 'Danny Huston',Bill Murray
187, 'Danny Kaye',Bill Murray
188, 'Danny Rubin',Bill Murray
189, 'Dave Chappelle',Bill Murray
190, 'David Kelly (actor)',Bill Murray
191, 'David Letterman',Bill Murray
192, 'David Niven',Bill Murray
193, 'David Strathairn',Bill Murray
194, 'David Thewlis',Bill Murray
195, 'David Warner (actor)',Bill Murray
196, 'Davy Crockett',Bill Murray
197, 'Deadpan',Bill Murray
198, 'Dean Stockwell',Bill Murray
199, 'Debunker',Bill Murray
200, 'Del Close',Bill Murray
201, 'Den of Geek',Bill Murray
202, 'Dennis Haysbert',Bill Murray
203, 'Dennis Hopper',Bill Murray
204, 'Dennis Quaid',Bill Murray
205, 'Denver',Bill Murray
206, 'Denzel Washington',Bill Murray
207, 'Derek Jacobi',Bill Murray
208, 'Derek Luke (actor)',Bill Murray
209, 'Detroit Film Critics Society',Bill Murray
210, 'Diabetes',Bill Murray
211, 'Dick Clair',Bill Murray
212, 'Digital Spy',Bill Murray
213, 'Dirk Bogarde',Bill Murray
214, 'Djimon Hounsou',Bill Murray
215, 'Domestic violence',Bill Murray
216, 'Don Cheadle',Bill Murray
217," ""Donald O'Connor""",Bill Murray
218, 'Donald Sutherland',Bill Murray
219, 'Doubleday (publisher)',Bill Murray
220, 'Dramatic film',Bill Murray
221, 'Drunk drivers',Bill Murray
222, 'Dudley Moore',Bill Murray
223, 'Dumb and Dumber To',Bill Murray
224, 'Dustin Hoffman',Bill Murray
225, 'Dwight Henry (actor)',Bill Murray
226, 'E! News',Bill Murray
227, 'Earl Pomerantz',Bill Murray
228, 'Ed Flanders',Bill Murray
229, 'Ed Harris',Bill Murray
230, 'Ed Wood (film)',Bill Murray
231, 'Eddie Albert',Bill Murray
232, 'Eddie Marsan',Bill Murray
233, 'Eddie Murphy',Bill Murray
234, 'Eddie Redmayne',Bill Murray
235, 'Eddie Vedder',Bill Murray
236, 'Edward Fox (actor)',Bill Murray
237, 'Edward James Olmos',Bill Murray
238, 'Edward Norton',Bill Murray
239, 'Ellen DeGeneres',Bill Murray
240, 'Emmy Award',Bill Murray
241, 'Entertainment Weekly',Bill Murray
242, 'Eric Clapton',Bill Murray
243, 'Eric Idle',Bill Murray
244, 'Eric Roberts',Bill Murray
245, 'Ernest Borgnine',Bill Murray
246, 'Ethan Hawke',Bill Murray
247, 'Eugene Levy',Bill Murray
248, 'Evanston,Bill Murray
249, Illinois',Bill Murray
250, 'Ewan McGregor',Bill Murray
251, 'F. Murray Abraham',Bill Murray
252, 'Fantastic Four',Bill Murray
253, 'Fantastic Mr. Fox (film)',Bill Murray
254, 'Filmmaking',Bill Murray
255, 'Flip Wilson',Bill Murray
256, 'Folk hero',Bill Murray
257, 'Forest Whitaker',Bill Murray
258, 'Fourth Way',Bill Murray
259, 'Frank Langella',Bill Murray
260, 'Frank Sinatra',Bill Murray
261, 'Frank Welker',Bill Murray
262, 'Franklin D. Roosevelt',Bill Murray
263, 'François Périer',Bill Murray
264, 'Fred Astaire',Bill Murray
265, 'Frederic Forrest',Bill Murray
266, 'GQ',Bill Murray
267, 'Gail Parent',Bill Murray
268, 'Garfield',Bill Murray
269, 'Garfield (character)',Bill Murray
270, 'Garfield: A Tail of Two Kitties',Bill Murray
271, 'Garfield: The Movie',Bill Murray
272, 'Gary Busey',Bill Murray
273, 'Gary Cooper',Bill Murray
274, 'Gary Oldman',Bill Murray
275, 'Gawker',Bill Murray
276, 'Gene Hackman',Bill Murray
277, 'Genie Award for Best Performance by a Foreign Actor',Bill Murray
278, 'Geoffrey Rush',Bill Murray
279, 'George Burns',Bill Murray
280, 'George C. Scott',Bill Murray
281, 'George Carlin',Bill Murray
282, 'George Clooney',Bill Murray
283, 'George Grizzard',Bill Murray
284, 'George Gurdjieff',Bill Murray
285, 'George Segal',Bill Murray
286, 'George Yanok',Bill Murray
287, 'Get Low (film)',Bill Murray
288, 'Get Smart (film)',Bill Murray
289, 'Ghostbusters',Bill Murray
290, 'Ghostbusters (2016 film)',Bill Murray
291, 'Ghostbusters (franchise)',Bill Murray
292, 'Ghostbusters 2020',Bill Murray
293, 'Ghostbusters 3',Bill Murray
294, 'Ghostbusters II',Bill Murray
295, 'Ghostbusters: The Video Game',Bill Murray
296, 'Gilda Radner',Bill Murray
297, 'Glenn Ford',Bill Murray
298, 'Globe Gazette',Bill Murray
299, 'Golden Globe Award',Bill Murray
300, 'Golden Globe Award for Best Actor - Motion Picture Musical or Comedy',Bill Murray
301, 'Golden Globe Award for Best Actor – Motion Picture Musical or Comedy',Bill Murray
302, 'Golden Globe Award for Best Supporting Actor – Motion Picture',Bill Murray
303, 'Golden Globe Award for Best Supporting Actor – Series,Bill Murray
304, Miniseries or Television Film',Bill Murray
305, 'Golf caddy',Bill Murray
306, 'Gotham Independent Film Award for Best Ensemble Performance',Bill Murray
307, 'Grand Budapest Hotel',Bill Murray
308, 'Grays Harbor Loggers',Bill Murray
309, 'Green Party of the United States',Bill Murray
310, 'Greenwich Village',Bill Murray
311, 'Gregory Peck',Bill Murray
312, 'Greta Gerwig',Bill Murray
313, 'Groundhog Day (film)',Bill Murray
314, 'Guy Pearce',Bill Murray
315, 'Gérard Depardieu',Bill Murray
316, 'HBO',Bill Murray
317, 'Haing S. Ngor',Bill Murray
318, 'Halsey (singer)',Bill Murray
319, 'Hamlet (2000 film)',Bill Murray
320, 'Hamlet (2000 movie)',Bill Murray
321, 'Hank Azaria',Bill Murray
322, 'Harold Ramis',Bill Murray
323, 'Harrison Ford',Bill Murray
324, 'Harry Belafonte',Bill Murray
325, 'Harry Dean Stanton',Bill Murray
326, 'Harry Lennix',Bill Murray
327, 'Harvey Keitel',Bill Murray
328, 'Hasty Pudding Man of the Year',Bill Murray
329, 'Heath Ledger',Bill Murray
330, 'Henry Fonda',Bill Murray
331, 'Henry Gibson',Bill Murray
332, 'Herb Sargent',Bill Murray
333, 'Herbert Baker (screenwriter)',Bill Murray
334, 'Holger Löwenadler',Bill Murray
335, 'Honorary degree',Bill Murray
336, 'Houston Film Critics Society Awards 2010',Bill Murray
337, 'Howard Da Silva',Bill Murray
338, 'Howard Franklin',Bill Murray
339, 'Hudson River Valley',Bill Murray
340, 'Hudson Valley Renegades',Bill Murray
341, 'Hugh Grant',Bill Murray
342, 'Hugh Jackman',Bill Murray
343, 'Human Torch',Bill Murray
344, 'Hume Cronyn',Bill Murray
345, 'Hunter S. Thompson',Bill Murray
346, 'Hyde Park on Hudson',Bill Murray
347, 'IMDb',Bill Murray
348, 'Ian Bannen',Bill Murray
349, 'Ian McKellen',Bill Murray
350, 'Idris Elba',Bill Murray
351, 'Illinois',Bill Murray
352," ""Illinois Fighting Illini men's basketball""",Bill Murray
353, 'Improvisational comedy',Bill Murray
354, 'Independent Spirit Award',Bill Murray
355, 'Independent Spirit Award for Best Lead Male',Bill Murray
356, 'Independent Spirit Award for Best Male Lead',Bill Murray
357, 'Independent Spirit Award for Best Supporting Male',Bill Murray
358, 'Integrated Authority File',Bill Murray
359, 'Internal mail',Bill Murray
360, 'International Standard Book Number',Bill Murray
361, 'International Standard Name Identifier',Bill Murray
362, 'Irish Americans',Bill Murray
363, 'Irish Film and Television Awards',Bill Murray
364, 'Isle of Dogs (film)',Bill Murray
365, 'J. K. Simmons',Bill Murray
366, 'Jack Lemmon',Bill Murray
367, 'Jack Nicholson',Bill Murray
368, 'Jackie Earle Haley',Bill Murray
369, 'James Belushi',Bill Murray
370, 'James Cagney',Bill Murray
371, 'James Cromwell',Bill Murray
372, 'James Earl Jones',Bill Murray
373, 'James Franco',Bill Murray
374, 'James Mason',Bill Murray
375, 'James Stewart',Bill Murray
376, 'James Woods',Bill Murray
377, 'Jamie Bell',Bill Murray
378, 'Jamie Foxx',Bill Murray
379, 'Jane Curtin',Bill Murray
380, 'Jane Wagner',Bill Murray
381, 'Jared Leto',Bill Murray
382, 'Jason Lee (actor)',Bill Murray
383, 'Jason Robards',Bill Murray
384, 'Jason Segel',Bill Murray
385, 'Javier Bardem',Bill Murray
386, 'Jay Leno',Bill Murray
387, 'Jay Tarses',Bill Murray
388, 'Jazz Age',Bill Murray
389, 'Jean Dujardin',Bill Murray
390, 'Jeff Bridges',Bill Murray
391, 'Jeff Daniels',Bill Murray
392, 'Jeffrey Wright',Bill Murray
393, 'Jenna McMahon',Bill Murray
394, 'Jeremy Irons',Bill Murray
395, 'Jeremy Renner',Bill Murray
396, 'Jesse Eisenberg',Bill Murray
397, 'Jesse Plemons',Bill Murray
398, 'Jim Broadbent',Bill Murray
399, 'Jim Carrey',Bill Murray
400, 'Jim Downey (comedian)',Bill Murray
401, 'Jim Jarmusch',Bill Murray
402, 'Jim Rusk',Bill Murray
403, 'Joaquin Phoenix',Bill Murray
404, 'Joe Pesci',Bill Murray
405, 'Joel Cohen (writer)',Bill Murray
406, 'Joel Grey',Bill Murray
407, 'Joel Murray',Bill Murray
408, 'John Belushi',Bill Murray
409, 'John C. Reilly',Bill Murray
410, 'John Cleese',Bill Murray
411, 'John Cusack',Bill Murray
412, 'John Gielgud',Bill Murray
413, 'John Hawkes (actor)',Bill Murray
414, 'John Hurt',Bill Murray
415, 'John Lithgow',Bill Murray
416, 'John Malkovich',Bill Murray
417, 'John Murray (actor)',Bill Murray
418, 'John Shea',Bill Murray
419, 'John Travolta',Bill Murray
420, 'Johnny Carson',Bill Murray
421, 'Johnny Depp',Bill Murray
422, 'Jon Favreau',Bill Murray
423, 'Jon Voight',Bill Murray
424, 'Jonathan Winters',Bill Murray
425, 'Joseph Bologna',Bill Murray
426, 'Joseph Cross (actor)',Bill Murray
427, 'Joseph Gordon-Levitt',Bill Murray
428, 'Josh Brolin',Bill Murray
429, 'Judith Viorst',Bill Murray
430, 'Julia Louis-Dreyfus',Bill Murray
431, 'Justin Timberlake',Bill Murray
432, 'Karl Malden',Bill Murray
433, 'Ken Howard',Bill Murray
434, 'Kennedy Center',Bill Murray
435, 'Kenneth More',Bill Murray
436, 'Kevin Costner',Bill Murray
437, 'Kevin Kline',Bill Murray
438, 'Kevin Spacey',Bill Murray
439, 'Kiefer Sutherland',Bill Murray
440, 'Kieran Culkin',Bill Murray
441, 'Kingpin (1996 film)',Bill Murray
442, 'Kirk Douglas',Bill Murray
443, 'Kit Carson',Bill Murray
444, 'Klaus Maria Brandauer',Bill Murray
445, 'Kris Kristofferson',Bill Murray
446, 'Larger than Life (film)',Bill Murray
447, 'Larry Siegel',Bill Murray
448, 'Las Vegas',Bill Murray
449, 'Late Night with David Letterman',Bill Murray
450, 'Late Show with David Letterman',Bill Murray
451, 'Laura Ziskin',Bill Murray
452, 'Laurence Olivier',Bill Murray
453, 'Lee Marvin',Bill Murray
454, 'Lego Dimensions',Bill Murray
455, 'Leonardo DiCaprio',Bill Murray
456, 'Liam Neeson',Bill Murray
457, 'Library of Congress Control Number',Bill Murray
458, 'Lily Tomlin',Bill Murray
459, 'Little Miss Sunshine',Bill Murray
460, 'Little Shop of Horrors (film)',Bill Murray
461, 'London Film Critics Circle Award for Best Actor',Bill Murray
462, 'Loose Shoes',Bill Murray
463, 'Lorenzo Music',Bill Murray
464, 'Lorne Michaels',Bill Murray
465, 'Lortel Archives',Bill Murray
466, 'Los Angeles Film Critics Association',Bill Murray
467, 'Los Angeles Film Critics Association Award for Best Actor',Bill Murray
468, 'Los Angeles Film Critics Association Award for Best Supporting Actor',Bill Murray
469, 'Los Angeles Times',Bill Murray
470, 'Lost in Translation (film)',Bill Murray
471, 'Lou Diamond Phillips',Bill Murray
472, 'Lower Manhattan',Bill Murray
473, 'Loyola Academy',Bill Murray
474, 'Lucy Liu',Bill Murray
475, 'Lumber yard',Bill Murray
476, 'M. Emmet Walsh',Bill Murray
477, 'MTV Movie Award for Best Comedic Performance',Bill Murray
478, 'MTV Movie Award for Best Performance - Male',Bill Murray
479, 'MTV Movie Award for Best WTF Moment',Bill Murray
480, 'Mad Dog and Glory',Bill Murray
481, 'Mahershala Ali',Bill Murray
482, 'Man Equals Man',Bill Murray
483, 'Manhattan',Bill Murray
484, 'Marcello Mastroianni',Bill Murray
485, 'Marilyn Suzanne Miller',Bill Murray
486, 'Mark Ruffalo',Bill Murray
487, 'Mark Rylance',Bill Murray
488, 'Mark Twain Prize for American Humor',Bill Murray
489, 'Mark Wahlberg',Bill Murray
490, 'Marlon Brando',Bill Murray
491," ""Martha's Vineyard""",Bill Murray
492," ""Martha's Vineyard",Bill Murray
493," Massachusetts""",Bill Murray
494, 'Martin Donovan',Bill Murray
495, 'Martin Freeman',Bill Murray
496, 'Martin Landau',Bill Murray
497, 'Martin Scorsese',Bill Murray
498, 'Massachusetts',Bill Murray
499, 'Master of ceremonies',Bill Murray
500, 'Matt Bomer',Bill Murray
501, 'Matt Damon',Bill Murray
502, 'Matt Dillon',Bill Murray
503, 'Matthew McConaughey',Bill Murray
504, 'Max Perlich',Bill Murray
505, 'Maximilian Schell',Bill Murray
506, 'McG',Bill Murray
507, 'Meatballs (film)',Bill Murray
508, 'Mel Gibson',Bill Murray
509, 'Melvyn Douglas',Bill Murray
510, 'Meme',Bill Murray
511, 'Michael A. Goorjian',Bill Murray
512, 'Michael B. Jordan',Bill Murray
513, 'Michael Caine',Bill Murray
514, 'Michael Cera',Bill Murray
515, 'Michael Constantine',Bill Murray
516, 'Michael Douglas',Bill Murray
517, 'Michael Fassbender',Bill Murray
518, 'Michael Keaton',Bill Murray
519, 'Michael Lerner (actor)',Bill Murray
520, 'Michael Moriarty',Bill Murray
521," ""Michael O'Donoghue""",Bill Murray
522, 'Michael Shannon',Bill Murray
523, 'Michael Sheen',Bill Murray
524, 'Michael Stuhlbarg',Bill Murray
525, 'Michigan',Bill Murray
526, 'Mickey Rourke',Bill Murray
527, 'Mikhail Baryshnikov',Bill Murray
528, 'Milo Ventimiglia',Bill Murray
529, 'Minor League Baseball',Bill Murray
530, 'Miscarriage',Bill Murray
531, 'Mockumentary',Bill Murray
532, 'Monsters,Bill Murray
533, Inc.',Bill Murray
534, 'Monty Python',Bill Murray
535, 'Mood swing',Bill Murray
536, 'Moonrise Kingdom',Bill Murray
537, 'Morgan Freeman',Bill Murray
538," ""Mr. Mike's Mondo Video""",Bill Murray
539, 'Murray the K',Bill Murray
540, 'MusicBrainz',Bill Murray
541, 'Mystic River (film)',Bill Murray
542, 'NBC',Bill Murray
543, 'Name and Title Authority File of Catalonia',Bill Murray
544, 'National Archives and Records Administration',Bill Murray
545, 'National Library of Australia',Bill Murray
546, 'National Library of Israel',Bill Murray
547, 'National Library of Latvia',Bill Murray
548, 'National Library of the Czech Republic',Bill Murray
549, 'National Society of Film Critics',Bill Murray
550, 'National Society of Film Critics Award for Best Actor',Bill Murray
551, 'National Society of Film Critics Award for Best Supporting Actor',Bill Murray
552, 'Neil Armstrong',Bill Murray
553, 'Neil Patrick Harris',Bill Murray
554, 'Neil Simon',Bill Murray
555, 'New York Film Critics Circle',Bill Murray
556, 'New York Film Critics Circle Award for Best Actor',Bill Murray
557, 'New York Film Critics Circle Award for Best Supporting Actor',Bill Murray
558, 'New York Film Critics Online Awards 2003',Bill Murray
559, 'News.com.au',Bill Murray
560, 'Next Stop,Bill Murray
561, Greenwich Village',Bill Murray
562, 'Nick Nolte',Bill Murray
563, 'Nicolas Cage',Bill Murray
564, 'Niels Arestrup',Bill Murray
565, 'Nigel Hawthorne',Bill Murray
566, 'Nothing Lasts Forever (film)',Bill Murray
567," ""O'Hare Airport""",Bill Murray
568, 'Off-Broadway',Bill Murray
569, 'Olive Kitteridge (TV miniseries)',Bill Murray
570, 'Olive Kitteridge (miniseries)',Bill Murray
571, 'Omaha World-Herald',Bill Murray
572, 'On the Rocks (film)',Bill Murray
573, 'Online Film Critics Society Award for Best Actor',Bill Murray
574, 'Oscar Isaac',Bill Murray
575, 'Oskar Werner',Bill Murray
576, 'Osmosis Jones',Bill Murray
577, 'Palisades,Bill Murray
578, New York',Bill Murray
579, 'Parks and Recreation',Bill Murray
580, 'Parks and Recreation (season 7)',Bill Murray
581, 'Passion Play (film)',Bill Murray
582, 'Paul Dano',Bill Murray
583, 'Paul Giamatti',Bill Murray
584, 'Paul Hogan',Bill Murray
585, 'Paul Lukas',Bill Murray
586, 'Paul Muni',Bill Murray
587, 'Paul Newman',Bill Murray
588, 'Paul Rudd',Bill Murray
589, 'Paul Schneider (actor)',Bill Murray
590, 'Paul Scofield',Bill Murray
591, 'Paul Simon',Bill Murray
592," ""People's Choice Awards""",Bill Murray
593, 'Per Oscarsson',Bill Murray
594, 'Peter Falk',Bill Murray
595, 'Peter Finch',Bill Murray
596, 'Peter Fonda',Bill Murray
597," ""Peter O'Toole""",Bill Murray
598, 'Peter Sarsgaard',Bill Murray
599, 'Peter Sellers',Bill Murray
600, 'Peter Venkman',Bill Murray
601, 'Philip Seymour Hoffman',Bill Murray
602, 'Philippe Noiret',Bill Murray
603, 'Pittsburgh Press',Bill Murray
604, 'Polio',Bill Murray
605, 'Polonius',Bill Murray
606, 'Pop icon',Bill Murray
607, 'Primetime Emmy',Bill Murray
608, 'Primetime Emmy Award for Outstanding Supporting Actor in a Limited Series or Movie',Bill Murray
609, 'Primetime Emmy Award for Outstanding Supporting Actor in a Miniseries or a Movie',Bill Murray
610, 'Primetime Emmy Award for Outstanding Television Movie',Bill Murray
611, 'Primetime Emmy Award for Outstanding Variety Series',Bill Murray
612, 'Primetime Emmy Award for Outstanding Variety,Bill Murray
613, Music or Comedy Series',Bill Murray
614, 'Primetime Emmy Award for Outstanding Writing for a Variety Series',Bill Murray
615, 'Primetime Emmy Award for Outstanding Writing for a Variety,Bill Murray
616, Music or Comedy Program',Bill Murray
617, 'Probation',Bill Murray
618, 'Quick Change',Bill Murray
619, 'Quinnipiac University',Bill Murray
620, 'Ralph Fiennes',Bill Murray
621, 'Ralph Nader',Bill Murray
622, 'Ralph Richardson',Bill Murray
623, 'Rami Malek',Bill Murray
624, 'Rancho Santa Fe,Bill Murray
625, California',Bill Murray
626, 'Ray Milland',Bill Murray
627, 'Ray Sharkey',Bill Murray
628, 'Reboot (fiction)',Bill Murray
629, 'Regis University',Bill Murray
630, 'Renée Taylor',Bill Murray
631, 'Rex Harrison',Bill Murray
632, 'Richard Attenborough',Bill Murray
633, 'Richard Burton',Bill Murray
634, 'Richard Donner',Bill Murray
635, 'Richard Dreyfuss',Bill Murray
636, 'Richard E. Grant',Bill Murray
637, 'Richard Farnsworth',Bill Murray
638, 'Richard Gere',Bill Murray
639, 'Richard Harris',Bill Murray
640, 'Richard Jenkins',Bill Murray
641, 'Richard Kiley',Bill Murray
642, 'Richard Pryor',Bill Murray
643, 'Ricky Gervais',Bill Murray
644, 'River Phoenix',Bill Murray
645, 'Robert Blake (actor)',Bill Murray
646, 'Robert Carlyle',Bill Murray
647, 'Robert De Niro',Bill Murray
648, 'Robert Downey Jr.',Bill Murray
649, 'Robert Duvall',Bill Murray
650, 'Robert Illes',Bill Murray
651, 'Robert Morley',Bill Murray
652, 'Robert Preston (actor)',Bill Murray
653, 'Robert Redford',Bill Murray
654, 'Robert Wells (songwriter)',Bill Murray
655, 'Roberto Benigni',Bill Murray
656, 'Robin Williams',Bill Murray
657, 'Rock the Kasbah (film)',Bill Murray
658, 'Rod Steiger',Bill Murray
659, 'Rod Warren',Bill Murray
660, 'Ron Moody',Bill Murray
661, 'Ron Santo',Bill Murray
662, 'Rosie Shuster',Bill Murray
663, 'Rotten Tomatoes',Bill Murray
664, 'Royal Library of the Netherlands',Bill Murray
665, 'Rudy De Luca',Bill Murray
666, 'Rupert Everett',Bill Murray
667, 'Rushmore (film)',Bill Murray
668, 'Russell Crowe',Bill Murray
669, 'Rutland Weekend Television',Bill Murray
670, 'Ryan Gosling',Bill Murray
671, 'Ryan Reynolds',Bill Murray
672, 'Sacha Baron Cohen',Bill Murray
673, 'Saint Paul,Bill Murray
674, Minnesota',Bill Murray
675, 'Salt Lake City Trappers',Bill Murray
676, 'Salt Lake Sting',Bill Murray
677, 'Sam Rockwell',Bill Murray
678, 'Samuel L. Jackson',Bill Murray
679, 'San Francisco Film Critics Circle Award for Best Actor',Bill Murray
680, 'Satellite Award for Best Actor - Motion Picture Musical or Comedy',Bill Murray
681, 'Satellite Award for Best Actor – Motion Picture',Bill Murray
682, 'Satellite Award for Best Actor – Motion Picture Musical or Comedy',Bill Murray
683, 'Satellite Award for Best Supporting Actor - Motion Picture',Bill Murray
684, 'Satellite Award for Best Supporting Actor – Motion Picture',Bill Murray
685, 'Saturday Night Live',Bill Murray
686, 'Saturday Night Live with Howard Cosell',Bill Murray
687, 'Saturn Award for Best Actor',Bill Murray
688, 'Scarlett Johansson',Bill Murray
689, 'Scream Award',Bill Murray
690, 'Screen Actors Guild Award for Outstanding Performance by a Cast in a Motion Picture',Bill Murray
691, 'Screen Actors Guild Award for Outstanding Performance by a Male Actor in a Leading Role',Bill Murray
692, 'Screen Actors Guild Award for Outstanding Performance by a Male Actor in a Miniseries or Television Movie',Bill Murray
693, 'Scrooged',Bill Murray
694, 'Sean Connery',Bill Murray
695, 'Sean Penn',Bill Murray
696, 'Sean Young',Bill Murray
697, 'Second City Television',Bill Murray
698, 'Sexual addiction',Bill Murray
699, 'Seymour Cassel',Bill Murray
700," ""She's Having a Baby""",Bill Murray
701, 'Sidney Poitier',Bill Murray
702, 'Sioux City Journal',Bill Murray
703, 'Sofia Coppola',Bill Murray
704, 'Sorbonne University',Bill Murray
705, 'South Atlantic League',Bill Murray
706, 'South Atlantic League Hall of Fame',Bill Murray
707, 'Space Jam',Bill Murray
708, 'Speaking of Sex',Bill Murray
709, 'Spencer Tracy',Bill Murray
710, 'Sports in Chicago',Bill Murray
711, 'Square Pegs',Bill Murray
712, 'St. Augustine,Bill Murray
713, Florida',Bill Murray
714, 'St. Louis',Bill Murray
715, 'St. Paul Saints',Bill Murray
716, 'St. Vincent (film)',Bill Murray
717, 'Stan Hart',Bill Murray
718, 'Stephen Rea',Bill Murray
719, 'Sterling K. Brown',Bill Murray
720, 'Steve Bannon',Bill Murray
721, 'Steve Buscemi',Bill Murray
722, 'Steve Martin',Bill Murray
723, 'Steve Zahn',Bill Murray
724, 'Steven Spielberg',Bill Murray
725, 'Steven Yeun',Bill Murray
726, 'Stripes (film)',Bill Murray
727, 'Super Bowl',Bill Murray
728, 'Sylvester Stallone',Bill Murray
729, 'Système universitaire de documentation',Bill Murray
730, 'TVTV (video collective)',Bill Murray
731, 'Take Me Out to the Ballgame',Bill Murray
732, 'Tandem skydiving',Bill Murray
733, 'Tarzoon: Shame of the Jungle',Bill Murray
734, 'Terence Stamp',Bill Murray
735, 'Terrence Howard',Bill Murray
736, 'The A.V. Club',Bill Murray
737, 'The Baltimore Sun',Bill Murray
738, 'The Beatles: The First U.S. Visit',Bill Murray
739, 'The Blade (Toledo)',Bill Murray
740, 'The Daily Beast',Bill Murray
741, 'The Daily Telegraph',Bill Murray
742, 'The Darjeeling Limited',Bill Murray
743," ""The Dead Don't Die (2019 film)""",Bill Murray
744, 'The Denver Post',Bill Murray
745, 'The French Dispatch',Bill Murray
746, 'The Grand Budapest Hotel',Bill Murray
747, 'The Guardian',Bill Murray
748, 'The Jungle Book (2016 film)',Bill Murray
749, 'The Life Aquatic with Steve Zissou',Bill Murray
750, 'The Limits of Control',Bill Murray
751, 'The Lost City (2005 film)',Bill Murray
752, 'The Man Who Knew Too Little',Bill Murray
753, 'The Monuments Men',Bill Murray
754, 'The National Lampoon Radio Hour',Bill Murray
755, 'The New York Times',Bill Murray
756, 'The New Yorker',Bill Murray
757," ""The Razor's Edge""",Bill Murray
758," ""The Razor's Edge (1984 film)""",Bill Murray
759, 'The Royal Tenenbaums',Bill Murray
760, 'The Second City',Bill Murray
761, 'The Squid and the Whale',Bill Murray
762, 'The Washington Post',Bill Murray
763, 'TheWrap',Bill Murray
764, 'This Old Cub',Bill Murray
765, 'Thomas Haden Church',Bill Murray
766, 'Thomas Meehan (writer)',Bill Murray
767, 'Tim Conway',Bill Murray
768, 'Tim Robbins',Bill Murray
769, 'Time (magazine)',Bill Murray
770, 'Timothy Hutton',Bill Murray
771, 'Timothy Spall',Bill Murray
772, 'Timothée Chalamet',Bill Murray
773, 'Tina Fey',Bill Murray
774, 'Toll-free telephone number',Bill Murray
775, 'Tom Berenger',Bill Murray
776, 'Tom Cruise',Bill Murray
777, 'Tom Davis (comedian)',Bill Murray
778, 'Tom Ewell',Bill Murray
779, 'Tom Hanks',Bill Murray
780, 'Tom Hardy',Bill Murray
781, 'Tom Hulce',Bill Murray
782, 'Tom Schiller',Bill Murray
783, 'Tom Wilkinson',Bill Murray
784, 'Tommy Lee Jones',Bill Murray
785, 'Tony Shalhoub',Bill Murray
786, 'Tootsie',Bill Murray
787, 'Toronto Film Critics Association Award for Best Actor',Bill Murray
788, 'Trevor Howard',Bill Murray
789, 'Trove',Bill Murray
790, 'Tulsa World',Bill Murray
791, 'USA Today',Bill Murray
792, 'United Press International',Bill Murray
793, 'United States Army Parachute Team',Bill Murray
794, 'United States Senate election in Nebraska,Bill Murray
795, 1988',Bill Murray
796, 'Utica Blue Sox',Bill Murray
797, 'Val Kilmer',Bill Murray
798, 'Vancouver Film Critics Circle Award for Best Actor',Bill Murray
799, 'Variety (magazine)',Bill Murray
800, 'Vice Principals',Bill Murray
801, 'Viggo Mortensen',Bill Murray
802, 'Vincent Gardenia',Bill Murray
803, 'Virtual International Authority File',Bill Murray
804, 'Vlad Ivanov',Bill Murray
805, 'Voice acting',Bill Murray
806, 'Vulture.com',Bill Murray
807, 'Walt Disney Pictures',Bill Murray
808, 'Walter Huston',Bill Murray
809, 'Walter Matthau',Bill Murray
810, 'Warren Beatty',Bill Murray
811, 'Washington D.C. Area Film Critics Association',Bill Murray
812, 'Wayback Machine',Bill Murray
813, 'Weekend Update',Bill Murray
814, 'Wes Anderson',Bill Murray
815, 'What About Bob?',Bill Murray
816, 'Where the Buffalo Roam',Bill Murray
817, 'Who Framed Roger Rabbit',Bill Murray
818, 'Whoopi Goldberg',Bill Murray
819, 'Wild Bill Hickok',Bill Murray
820, 'Wild Things (film)',Bill Murray
821, 'Will Ferrell',Bill Murray
822, 'Willem Dafoe',Bill Murray
823, 'William H. Macy',Bill Murray
824, 'William Hurt',Bill Murray
825, 'William Powell',Bill Murray
826, 'Wilmette,Bill Murray
827, Illinois',Bill Murray
828, 'With Friends Like These...',Bill Murray
829, 'Woody Harrelson',Bill Murray
830, 'Woody Kling',Bill Murray
831, 'World Golf Village',Bill Murray
832, 'World history',Bill Murray
833, 'WorldCat Identities',Bill Murray
834, 'Wrigley Field',Bill Murray
835, 'Yahoo!',Bill Murray
836, 'Zachary Quinto',Bill Murray
837, 'Zombie comedy',Bill Murray
838, 'Zombieland',Bill Murray
839, 'Zombieland: Double Tap'],Bill Murray
